Pincode,Hub Name,Cluster_Code,Description,Cluster_Category,Polygon WKT
784101,BVU_Balipara,784101_A,₹0,C1,"POLYGON ((92.77293368339306 26.861217738113574, 92.777739 26.859222, 92.779369 26.857385, 92.78341864062726 26.858724103966736, 92.7972799457861 26.848157779553983, 92.80447833693111 26.832639023861162, 92.80299591594782 26.8158958091037, 92.79894741674552 26.81000283146595, 92.798038 26.81013, 92.793703 26.809938, 92.787716 26.808904, 92.783704 26.80808, 92.778833 26.808023, 92.77864 26.802469, 92.77849 26.798658, 92.778103 26.796417, 92.77781790246527 26.793189116047518, 92.77711436747278 26.792804428081812, 92.75835707434334 26.791487081757516, 92.7409728007995 26.79791256954958, 92.7335038025807 26.805714294705595, 92.739353 26.811925, 92.739239 26.820267, 92.730678 26.819671, 92.726673 26.823841, 92.72457050341689 26.826191935669808, 92.72434974001735 26.82701148896684, 92.72873824661986 26.843344003159025, 92.74096062760333 26.856117884222474, 92.75835311903138 26.862547038724514, 92.7646612 26.86299006423675, 92.77293368339306 26.861217738113574))"
784101,BVU_Balipara,784101_B,₹1,C3,"POLYGON ((92.84429942269256 26.838249701352584, 92.84132310656565 26.80476409385661, 92.83316175828797 26.79288956195287, 92.825418 26.796532, 92.826447 26.797566, 92.826061 26.7986, 92.824323 26.801262, 92.825546 26.806338, 92.825117 26.806319, 92.824752 26.807372, 92.824323 26.807372, 92.824216 26.808578, 92.82383 26.808617, 92.823722 26.809019, 92.822778 26.80923, 92.822778 26.81011, 92.82192 26.810398, 92.818251 26.811681, 92.813873 26.813079, 92.81014 26.812428, 92.80338 26.809383, 92.79894741674552 26.81000283146595, 92.80299591594782 26.8158958091037, 92.80447833693111 26.832639023861162, 92.7972799457861 26.848157779553983, 92.78341864062726 26.858724103966736, 92.794526 26.862397, 92.798911 26.857564, 92.804749 26.85113, 92.812843 26.85011, 92.820396 26.847506, 92.84095181444872 26.84547167363076, 92.84429942269256 26.838249701352584))"
784101,BVU_Balipara,784101_C,₹1,C3,"POLYGON ((92.71108813114938 26.87877516994219, 92.736626 26.876297, 92.77293368339306 26.861217738113574, 92.7646612 26.86299006423675, 92.75835311903138 26.862547038724514, 92.74096062760333 26.856117884222474, 92.72873824661986 26.843344003159025, 92.72434974001735 26.82701148896684, 92.72457050341689 26.826191935669808, 92.72212 26.828932, 92.719753 26.839439, 92.732011 26.856658, 92.710042 26.86792, 92.7026700034214 26.86997477367777, 92.71108813114938 26.87877516994219))"
784101,BVU_Balipara,784101_D,₹1,C3,"POLYGON ((92.7409728007995 26.79791256954958, 92.75835707434334 26.791487081757516, 92.77711436747278 26.792804428081812, 92.77781790246527 26.793189116047518, 92.777631 26.791073, 92.778382 26.783372, 92.772138 26.782472, 92.771087 26.775959, 92.769456 26.771706, 92.756324 26.772242, 92.752805 26.771514, 92.749715 26.770786, 92.747612 26.780775, 92.744274 26.780884, 92.74045 26.782617, 92.738296 26.781994, 92.737142 26.780559, 92.736262 26.782482, 92.734654 26.783159, 92.73341 26.783972, 92.733774 26.78511, 92.734866 26.785408, 92.735231 26.786004, 92.734381 26.787981, 92.73432 26.791611, 92.735413 26.79237, 92.733349 26.792695, 92.731832 26.792532, 92.725399 26.793832, 92.722364 26.793886, 92.7335038025807 26.805714294705595, 92.7409728007995 26.79791256954958))"
784101,BVU_Balipara,784101_E,₹2,C5,"POLYGON ((92.87964276998581 26.79362206126658, 92.87187849508277 26.78233009371613, 92.868204 26.783736, 92.863269 26.789866, 92.855673 26.788257, 92.85387 26.794156, 92.847433 26.791283, 92.841382 26.789023, 92.83316175828797 26.79288956195287, 92.84132310656565 26.80476409385661, 92.84429942269256 26.838249701352584, 92.84095181444872 26.84547167363076, 92.853761 26.844204, 92.868743 26.851155, 92.868633 26.845132, 92.874882 26.838356, 92.872839 26.829739, 92.876338 26.822325, 92.879362 26.812581, 92.87998 26.808675, 92.88089954990794 26.80770706602629, 92.87964276998581 26.79362206126658))"
784101,BVU_Balipara,784101_F,₹2,C5,"POLYGON ((92.7026700034214 26.86997477367777, 92.688677 26.873875, 92.689194 26.883764, 92.703495 26.879512, 92.71108813114938 26.87877516994219, 92.7026700034214 26.86997477367777))"
784101,BVU_Balipara,784101_G,₹3,C7,"POLYGON ((92.87964276998581 26.79362206126658, 92.88089954990794 26.80770706602629, 92.887259 26.801013, 92.891979 26.79565, 92.89361 26.789368, 92.892916 26.78658, 92.891686 26.784447, 92.890091 26.782242, 92.886572 26.775499, 92.88434 26.774656, 92.882152 26.772089, 92.876487 26.777032, 92.873311 26.781782, 92.87187849508277 26.78233009371613, 92.87964276998581 26.79362206126658))"
784102,BVU_Balipara,784102_A,₹1,C3,"POLYGON ((92.82991087615892 26.86929087362253, 92.84095181444872 26.84547167363076, 92.820396 26.847506, 92.812843 26.85011, 92.804749 26.85113, 92.798911 26.857564, 92.794526 26.862397, 92.797222 26.872239, 92.800913 26.87622, 92.807636 26.879722, 92.80950021455162 26.884852373856855, 92.82991087615892 26.86929087362253))"
784102,BVU_Balipara,784102_B,₹2,C5,"POLYGON ((92.86255400250741 26.89041647255289, 92.8768539311442 26.859545150102026, 92.878038 26.855467, 92.868743 26.851155, 92.853761 26.844204, 92.84095181444872 26.84547167363076, 92.82991087615892 26.86929087362253, 92.80950021455162 26.884852373856855, 92.814903 26.899721, 92.829151 26.906916, 92.83908318163657 26.908314177829737, 92.86255400250741 26.89041647255289))"
784102,BVU_Balipara,784102_C,₹3,C7,"POLYGON ((92.86255400250741 26.89041647255289, 92.83908318163657 26.908314177829737, 92.845255 26.909183, 92.861767 26.911508, 92.86315 26.906744, 92.8768539311442 26.859545150102026, 92.86255400250741 26.89041647255289))"
784103,BVU_Balipara,784103_A,₹0,C1,"POLYGON ((92.7829674012949 26.85906807887522, 92.78341864062726 26.858724103966736, 92.779369 26.857385, 92.777739 26.859222, 92.77293368339306 26.861217738113574, 92.7829674012949 26.85906807887522))"
784103,BVU_Balipara,784103_B,₹1,C3,"POLYGON ((92.80950021455162 26.884852373856855, 92.807636 26.879722, 92.800913 26.87622, 92.797222 26.872239, 92.794526 26.862397, 92.78341864062726 26.858724103966736, 92.7829674012949 26.85906807887522, 92.77293368339306 26.861217738113574, 92.736626 26.876297, 92.71108813114938 26.87877516994219, 92.71724786204217 26.885214615207268, 92.75204107420242 26.898076597324735, 92.7646612 26.898962928473498, 92.80128397722734 26.8911165989715, 92.80950021455162 26.884852373856855))"
784103,BVU_Balipara,784103_C,₹2,C5,"POLYGON ((92.83908318163657 26.908314177829737, 92.829151 26.906916, 92.814903 26.899721, 92.80950021455162 26.884852373856855, 92.80128397722734 26.8911165989715, 92.7646612 26.898962928473498, 92.75204107420242 26.898076597324735, 92.71724786204217 26.885214615207268, 92.71108813114938 26.87877516994219, 92.703495 26.879512, 92.689194 26.883764, 92.674141 26.888239, 92.67596975541571 26.895952102664083, 92.69352288332512 26.914307385934325, 92.74572505694812 26.93360587519317, 92.7646612 26.93493579271025, 92.81961094732492 26.923162755674944, 92.83908318163657 26.908314177829737))"
784103,BVU_Balipara,784103_D,₹3,C7,"POLYGON ((92.88953407071217 26.91586299347546, 92.886143 26.911662, 92.869055 26.90895, 92.86315 26.906744, 92.861767 26.911508, 92.845255 26.909183, 92.83908318163657 26.908314177829737, 92.81961094732492 26.923162755674944, 92.7646612 26.93493579271025, 92.74572505694812 26.93360587519317, 92.69352288332512 26.914307385934325, 92.67596975541571 26.895952102664083, 92.676562 26.89845, 92.676562 26.898451, 92.678983 26.908662, 92.683825 26.929081, 92.691881 26.941582, 92.694397 26.945485, 92.68509025702896 26.94905438147409, 92.73940505868684 26.96913487172113, 92.7646612 26.970908656946996, 92.83794833114521 26.9552065443638, 92.88953407071217 26.91586299347546))"
784103,BVU_Balipara,784103_E,₹4,C9,"POLYGON ((92.91688691612607 26.94102845481847, 92.902451 26.931865, 92.88953407071217 26.91586299347546, 92.83794833114521 26.9552065443638, 92.7646612 26.970908656946996, 92.73940505868684 26.96913487172113, 92.68509025702896 26.94905438147409, 92.679634 26.951147, 92.687874 26.958186, 92.691771 26.96529, 92.692564 26.966736, 92.6700449313333 26.981357618209337, 92.73308107082016 27.004663586298726, 92.7646612 27.006881521183747, 92.85629614827597 26.987247960408435, 92.91688691612607 26.94102845481847))"
784103,BVU_Balipara,784103_F,₹5,C11,"POLYGON ((92.69155446269517 27.02717760287436, 92.692653 27.02718, 92.697706 27.022676, 92.712827 27.022707, 92.722919 27.018213, 92.732989 27.022746, 92.74307 27.022765, 92.753151 27.022782, 92.757355 27.024674, 92.757356 27.024673, 92.757542 27.024757, 92.757879 27.024909, 92.758221 27.025063, 92.758556 27.025214, 92.758874 27.025357, 92.759099 27.025458, 92.759139 27.025476, 92.759161 27.025486, 92.759475 27.025627, 92.759476 27.025628, 92.759552 27.025662, 92.759702 27.025729, 92.759792 27.02577, 92.759933 27.025833, 92.759974 27.025852, 92.760099 27.025908, 92.760105 27.025911, 92.760234 27.025967, 92.760499 27.026088, 92.76068 27.026169, 92.760931 27.026282, 92.761116 27.026365, 92.761299 27.026448, 92.761483 27.026531, 92.761495 27.026536, 92.761883 27.026711, 92.761948 27.02674, 92.762152 27.026832, 92.762172 27.026841, 92.762363 27.026927, 92.76241 27.026948, 92.762538 27.027005, 92.762673 27.027066, 92.762804 27.027125, 92.762977 27.027203, 92.763077 27.027248, 92.763223 27.027314, 92.763378 27.027267, 92.763652 27.027186, 92.763925 27.027105, 92.764195 27.027025, 92.764408 27.026962, 92.768086 27.02587, 92.76812 27.02586, 92.768134 27.025856, 92.769003 27.025598, 92.770379 27.02519, 92.77075 27.025079, 92.771662 27.024809, 92.771696 27.024799, 92.772151 27.024664, 92.772298 27.02462, 92.773176 27.024359, 92.773223 27.024345, 92.773224 27.024346, 92.776884 27.023259, 92.776898 27.023255, 92.776955 27.023238, 92.776993 27.023227, 92.777098 27.023196, 92.777147 27.023181, 92.77743 27.023097, 92.777905 27.022956, 92.777906 27.022956, 92.778354 27.022823, 92.784371 27.022833, 92.784372 27.022832, 92.784511 27.022832, 92.784513 27.022833, 92.788435 27.022839, 92.790573 27.022842, 92.790575 27.02284, 92.791056 27.022839, 92.791753 27.022841, 92.79245 27.022842, 92.792963 27.022844, 92.793094 27.022845, 92.793156 27.022845, 92.793157 27.022846, 92.793475 27.022846, 92.803564 27.018346, 92.823739 27.009343, 92.838865 27.004847, 92.8507 27.002784, 92.850704 27.002785, 92.857265 27.001639, 92.859513 27.001532, 92.859931 27.001512, 92.860524 27.001482, 92.863599 27.001335, 92.864554 27.001289, 92.864837 27.001275, 92.867926 27.001127, 92.868041 27.001122, 92.868778 27.001088, 92.869509 27.001052, 92.8698 27.001037, 92.870818 27.000988, 92.871205 27.00097, 92.872194 27.000922, 92.872302 27.000917, 92.873099 27.000879, 92.877525 27.000666, 92.877555 27.000665, 92.877929 27.000647, 92.8781 27.000639, 92.879109 27.00059, 92.879557 27.000569, 92.879766 27.000559, 92.880099 27.000543, 92.880312 27.000533, 92.880828 27.000508, 92.881937 27.000455, 92.882593 27.000423, 92.882712 27.000417, 92.883041 27.000402, 92.883404 27.000384, 92.88384 27.000363, 92.884081 27.000309, 92.884269 27.000267, 92.885111 27.000079, 92.885424 27.000009, 92.885788 26.999928, 92.885913 26.9999, 92.886056 26.999868, 92.886116 26.999855, 92.886174 26.999842, 92.886178 26.999841, 92.886609 26.999745, 92.887727 26.99922, 92.887738 26.999215, 92.88774 26.999214, 92.888227 26.998985, 92.888266 26.998967, 92.888362 26.998922, 92.88906 26.998594, 92.889106 26.998568, 92.889223 26.998501, 92.889239 26.998492, 92.889268 26.998475, 92.889759 26.99819, 92.890007 26.998047, 92.890255 26.997903, 92.891232 26.997338, 92.891722 26.997054, 92.892212 26.996771, 92.893182 26.99621, 92.893428 26.996068, 92.893596 26.995975, 92.893695 26.99592, 92.893924 26.995793, 92.894177 26.995653, 92.895163 26.995107, 92.895657 26.994832, 92.895902 26.994696, 92.896149 26.994559, 92.897127 26.994017, 92.897273 26.993936, 92.897615 26.993746, 92.897867 26.993606, 92.898103 26.993476, 92.898593 26.9932, 92.899083 26.992923, 92.899332 26.992784, 92.899582 26.992643, 92.89983 26.992502, 92.899955 26.992432, 92.900078 26.992363, 92.900516 26.992116, 92.900953 26.991869, 92.901394 26.991621, 92.901621 26.991493, 92.901838 26.991371, 92.902374 26.991069, 92.902641 26.990918, 92.902762 26.99085, 92.903381 26.990501, 92.903445 26.990465, 92.903658 26.990345, 92.903713 26.990314, 92.903981 26.990167, 92.904935 26.989648, 92.905416 26.989386, 92.905436 26.989375, 92.905622 26.989274, 92.905624 26.989273, 92.905642 26.989263, 92.906473 26.98881, 92.906545 26.988771, 92.906912 26.988571, 92.907925 26.98802, 92.908941 26.987467, 92.909191 26.987331, 92.909447 26.987193, 92.909939 26.986931, 92.910415 26.986677, 92.910619 26.986569, 92.910679 26.986537, 92.910887 26.986425, 92.911365 26.98617, 92.911561 26.986066, 92.911651 26.986018, 92.911674 26.986006, 92.911844 26.985915, 92.912878 26.985363, 92.913403 26.985083, 92.913669 26.984942, 92.913911 26.984813, 92.914911 26.984279, 92.915415 26.984011, 92.915666 26.983877, 92.915798 26.983807, 92.915914 26.98374, 92.917086 26.983067, 92.917194 26.983005, 92.917785 26.982665, 92.917862 26.982621, 92.917944 26.982574, 92.91805 26.982513, 92.918109 26.982479, 92.918326 26.982354, 92.918347 26.982342, 92.918411 26.982306, 92.918406 26.982293, 92.917519 26.979998, 92.91685 26.978245, 92.91621 26.976488, 92.915533 26.973916, 92.915649 26.973044, 92.917145 26.96293, 92.921334 26.961057, 92.921774 26.960869, 92.925536 26.95926, 92.92703 26.958622, 92.933871 26.955976, 92.941378 26.952788, 92.941769 26.952622, 92.942237 26.952424, 92.942649 26.95225, 92.94302 26.952093, 92.943019 26.952093, 92.942115 26.951749, 92.940679 26.951201, 92.940675 26.9512, 92.93861 26.950413, 92.937306 26.949916, 92.936183 26.949488, 92.935365 26.949177, 92.934686 26.948918, 92.934069 26.948683, 92.933517 26.948473, 92.933017 26.948282, 92.932466 26.948072, 92.931975 26.947885, 92.92125 26.943798, 92.91688691612607 26.94102845481847, 92.85629614827597 26.987247960408435, 92.7646612 27.006881521183747, 92.73308107082016 27.004663586298726, 92.6700449313333 26.981357618209337, 92.660876 26.987311, 92.660838 26.987336, 92.659872 26.987964, 92.65947 26.988225, 92.655941 26.990517, 92.655885 26.990553, 92.655673 26.990691, 92.655528 26.990785, 92.654663 26.991347, 92.654644 26.991359, 92.654605 26.991384, 92.651958 26.993103, 92.650909 26.993783, 92.650313 26.99417, 92.649663 26.994592, 92.649543 26.99467, 92.64953 26.994678, 92.649418 26.994751, 92.64939 26.994765, 92.649329 26.994797, 92.649074 26.994961, 92.649059 26.994933, 92.651207 26.999102, 92.651263 26.99921, 92.651586 26.99983, 92.651774 27.000136, 92.652394 27.001111, 92.653027 27.00211, 92.653652 27.003097, 92.654435 27.004332, 92.654576 27.004553, 92.656711 27.007916, 92.65679 27.008041, 92.657171 27.008641, 92.657199 27.008691, 92.657422 27.009043, 92.66126980970967 27.015980089090963, 92.69155446269517 27.02717760287436))"
784103,BVU_Balipara,784103_G,₹6,C12,"POLYGON ((92.66126980970967 27.015980089090963, 92.666421 27.025267, 92.666422 27.025269, 92.666446 27.025312, 92.66745 27.027123, 92.669167 27.028668, 92.669192 27.028688, 92.67022 27.029615, 92.671182 27.03048, 92.672083 27.031291, 92.672478 27.031646, 92.673669 27.031651, 92.674811 27.031653, 92.674884 27.031653, 92.674936 27.031655, 92.677518 27.031661, 92.682079 27.029631, 92.682096 27.029622, 92.682703 27.029353, 92.684038 27.028758, 92.68456 27.028525, 92.685807 27.02797, 92.686589 27.027623, 92.686598 27.02762, 92.687612 27.027169, 92.69155446269517 27.02717760287436, 92.66126980970967 27.015980089090963))"
784104,BVU_Balipara,784104_A,₹2,C5,"POLYGON ((92.80199819382061 26.724375621204366, 92.7547294264105 26.721055893891236, 92.754705 26.721384, 92.754257 26.727421, 92.753893 26.727909, 92.755805 26.73566, 92.755766 26.737275, 92.752225 26.737964, 92.752225 26.740437, 92.755165 26.73921, 92.755916 26.73783, 92.762525 26.737696, 92.765336 26.726044, 92.767825 26.725239, 92.768812 26.728287, 92.772717 26.728287, 92.774734 26.72821, 92.776322 26.726983, 92.776666 26.72637, 92.778082 26.726255, 92.778951 26.737648, 92.781461 26.738262, 92.784873 26.735703, 92.78689 26.735713, 92.788811 26.736422, 92.79057 26.736326, 92.79219 26.736221, 92.792791 26.735023, 92.793338 26.734074, 92.7941 26.733269, 92.79543 26.732302, 92.798188 26.730874, 92.806749 26.72752, 92.80683096809884 26.727017627499233, 92.80199819382061 26.724375621204366))"
784104,BVU_Balipara,784104_B,₹3,C7,"POLYGON ((92.80199819382061 26.724375621204366, 92.80683096809884 26.727017627499233, 92.807168 26.724952, 92.807133 26.724563, 92.80735 26.724607, 92.807624 26.722553, 92.807702 26.721988, 92.807793 26.721376, 92.807826 26.721158, 92.807827 26.721151, 92.807972 26.72018, 92.808066 26.719444, 92.808086 26.71929, 92.808155 26.718744, 92.808258 26.717937, 92.80827 26.717848, 92.808279 26.717773, 92.808638 26.714963, 92.793703 26.715024, 92.795162 26.713107, 92.793875 26.711037, 92.786922 26.707893, 92.78203 26.70544, 92.778769 26.703293, 92.771215 26.695242, 92.768598 26.697734, 92.766902 26.696622, 92.7669 26.696622, 92.76675 26.696618, 92.766293 26.696607, 92.766151 26.696603, 92.765907 26.696596, 92.765631 26.696588, 92.765465 26.696583, 92.765198 26.696597, 92.764967 26.696608, 92.764794 26.696617, 92.764605 26.696627, 92.765167 26.699683, 92.765971 26.704055, 92.753031 26.707337, 92.742453 26.709504, 92.743697 26.716471, 92.75274 26.716633, 92.755122 26.718819, 92.754779 26.72039, 92.7547294264105 26.721055893891236, 92.80199819382061 26.724375621204366))"
784105,BVU_Balipara,784105_A,₹0,C1,"POLYGON ((92.79315931067445 26.801577689719004, 92.77781790246527 26.793189116047518, 92.778103 26.796417, 92.77849 26.798658, 92.77864 26.802469, 92.778833 26.808023, 92.783704 26.80808, 92.787716 26.808904, 92.793703 26.809938, 92.798038 26.81013, 92.79894741674552 26.81000283146595, 92.79315931067445 26.801577689719004))"
784105,BVU_Balipara,784105_B,₹1,C3,"POLYGON ((92.82164463867286 26.776132477258557, 92.7895600269405 26.75859056772674, 92.7550999965647 26.756170404692035, 92.755229 26.756436, 92.755508 26.758506, 92.750251 26.759655, 92.749844 26.761916, 92.749941 26.763767, 92.750058 26.766016, 92.75068 26.766246, 92.749715 26.770786, 92.752805 26.771514, 92.756324 26.772242, 92.769456 26.771706, 92.771087 26.775959, 92.772138 26.782472, 92.778382 26.783372, 92.777631 26.791073, 92.77781790246527 26.793189116047518, 92.79315931067445 26.801577689719004, 92.79894741674552 26.81000283146595, 92.80338 26.809383, 92.81014 26.812428, 92.813873 26.813079, 92.818251 26.811681, 92.82192 26.810398, 92.822778 26.81011, 92.822778 26.80923, 92.823722 26.809019, 92.82383 26.808617, 92.824216 26.808578, 92.824323 26.807372, 92.824752 26.807372, 92.825117 26.806319, 92.825546 26.806338, 92.824323 26.801262, 92.826061 26.7986, 92.826447 26.797566, 92.825418 26.796532, 92.83316175828797 26.79288956195287, 92.82164463867286 26.776132477258557))"
784105,BVU_Balipara,784105_C,₹2,C5,"POLYGON ((92.85130933109906 26.752415345057145, 92.85078 26.752355, 92.85085632005531 26.75175650877559, 92.85011720096378 26.750681571463133, 92.84738620214435 26.74918857475838, 92.844086 26.749366, 92.840996 26.747603, 92.84043343421631 26.745387599257544, 92.82443407583442 26.73664098641672, 92.817221 26.735991, 92.81787334282545 26.73305433061392, 92.80683096809884 26.727017627499233, 92.806749 26.72752, 92.798188 26.730874, 92.79543 26.732302, 92.7941 26.733269, 92.793338 26.734074, 92.792791 26.735023, 92.79219 26.736221, 92.79057 26.736326, 92.788811 26.736422, 92.78689 26.735713, 92.784873 26.735703, 92.781461 26.738262, 92.778951 26.737648, 92.778082 26.726255, 92.776666 26.72637, 92.776322 26.726983, 92.774734 26.72821, 92.772717 26.728287, 92.768812 26.728287, 92.767825 26.725239, 92.765336 26.726044, 92.762525 26.737696, 92.762332 26.740168, 92.763534 26.74105, 92.766151 26.740743, 92.766151 26.741395, 92.765079 26.742199, 92.766237 26.746952, 92.758641 26.747239, 92.755187 26.747182, 92.751732 26.747048, 92.752204 26.747373, 92.752783 26.74768, 92.753148 26.748561, 92.752848 26.750669, 92.752354 26.751723, 92.751689 26.75431, 92.751367 26.754904, 92.751195 26.755574, 92.752955 26.755383, 92.754736 26.755421, 92.7550999965647 26.756170404692035, 92.7895600269405 26.75859056772674, 92.82164463867286 26.776132477258557, 92.83316175828797 26.79288956195287, 92.841382 26.789023, 92.847433 26.791283, 92.85387 26.794156, 92.855673 26.788257, 92.863269 26.789866, 92.868204 26.783736, 92.87187849508277 26.78233009371613, 92.85130933109906 26.752415345057145))"
784105,BVU_Balipara,784105_D,₹3,C7,"POLYGON ((92.81787334282545 26.73305433061392, 92.818379 26.730778, 92.819195 26.729092, 92.818809 26.72867, 92.819023 26.727769, 92.819034 26.726629, 92.819688 26.725996, 92.81957 26.725623, 92.819431 26.725105, 92.819613 26.723898, 92.819185 26.723867, 92.819057 26.723858, 92.818872 26.723845, 92.818778 26.723838, 92.818766 26.723837, 92.816663 26.723687, 92.816225 26.723554, 92.816198 26.723546, 92.816177 26.723539, 92.816129 26.723525, 92.814018 26.722884, 92.814015 26.722883, 92.812371 26.722384, 92.811698 26.722236, 92.811678 26.722231, 92.811655 26.722226, 92.811404 26.722171, 92.811297 26.722147, 92.811222 26.722131, 92.81111 26.722106, 92.810779 26.722033, 92.810696 26.722015, 92.810656 26.722006, 92.810214 26.721909, 92.810096 26.721883, 92.810082 26.72188, 92.810076 26.721879, 92.809864 26.721832, 92.809861 26.721831, 92.80946 26.721743, 92.809455 26.721742, 92.809447 26.72174, 92.808928 26.721626, 92.807885 26.721396, 92.807884 26.721396, 92.807826 26.721383, 92.807821 26.721382, 92.807795 26.721376, 92.807793 26.721376, 92.807702 26.721988, 92.807624 26.722553, 92.80735 26.724607, 92.807133 26.724563, 92.807168 26.724952, 92.80683096809884 26.727017627499233, 92.81787334282545 26.73305433061392))"
784105,BVU_Balipara,784105_E,₹3,C7,"POLYGON ((92.84043343421631 26.745387599257544, 92.839108 26.740168, 92.840309 26.734266, 92.837477 26.732733, 92.832026 26.732388, 92.826576 26.736834, 92.82443407583442 26.73664098641672, 92.84043343421631 26.745387599257544))"
784105,BVU_Balipara,784105_F,₹3,C7,"POLYGON ((92.85011720096378 26.750681571463133, 92.85085632005531 26.75175650877559, 92.85121 26.748983, 92.84738620214435 26.74918857475838, 92.85011720096378 26.750681571463133))"
784105,BVU_Balipara,784105_G,₹3,C7,"POLYGON ((92.87187849508277 26.78233009371613, 92.873311 26.781782, 92.876487 26.777032, 92.882152 26.772089, 92.879276 26.76569, 92.878075 26.75864, 92.868972 26.758111, 92.867691 26.758036, 92.866751 26.757981, 92.866579 26.757971, 92.86642 26.757962, 92.865231 26.757893, 92.865216 26.757892, 92.865154 26.757888, 92.864009 26.757822, 92.859238 26.757544, 92.859131 26.757538, 92.859129 26.757538, 92.858527 26.757503, 92.857741 26.757457, 92.857735 26.757457, 92.857691 26.757454, 92.857677 26.757454, 92.857676 26.757453, 92.857667 26.757453, 92.857626 26.757451, 92.857619 26.75745, 92.857547 26.757446, 92.857307 26.757432, 92.85729 26.757431, 92.857275 26.75743, 92.856111 26.757362, 92.856087 26.757361, 92.856023 26.757357, 92.855673 26.757337, 92.855265 26.755185, 92.855151 26.754585, 92.855139 26.754522, 92.854815 26.752815, 92.85130933109906 26.752415345057145, 92.87187849508277 26.78233009371613))"
784504,BVU_Balipara,784504_A,₹2,C5,"POLYGON ((92.6569544523781 26.777982419272288, 92.64372685256507 26.826965800725443, 92.65393653312604 26.86505820350709, 92.687715 26.848969, 92.669384 26.836839, 92.67111 26.835973, 92.671504 26.834159, 92.672263 26.833725, 92.67284 26.831749, 92.67375 26.830557, 92.674145 26.829284, 92.675025 26.828635, 92.674509 26.827741, 92.674992 26.827524, 92.67551 26.826387, 92.676451 26.82617, 92.677271 26.825629, 92.677756 26.823354, 92.677149 26.822623, 92.676269 26.822162, 92.676026 26.821621, 92.676755 26.821052, 92.676481 26.820538, 92.675859 26.820429, 92.675495 26.82005, 92.675571 26.81959, 92.675449 26.819035, 92.67548 26.81852, 92.675161 26.818141, 92.675064 26.817919, 92.675053 26.817792, 92.67512 26.817694, 92.675176 26.817567, 92.675171 26.817419, 92.67527 26.817256, 92.675554 26.816744, 92.675863 26.816435, 92.676238 26.816224, 92.676426 26.816117, 92.676622 26.816097, 92.676778 26.816023, 92.676936 26.815918, 92.67722 26.815674, 92.67736 26.815071, 92.676973 26.814534, 92.676887 26.814132, 92.677295 26.813424, 92.678003 26.813213, 92.678507 26.812745, 92.678757 26.812345, 92.67878 26.811952, 92.678514 26.811729, 92.678181 26.811688, 92.677983 26.811634, 92.677854 26.811478, 92.677794 26.811296, 92.678968 26.801525, 92.669189 26.781805, 92.672354 26.77552, 92.672778 26.774057, 92.677089 26.771347, 92.682977 26.768664, 92.677832 26.768909, 92.675385 26.766303, 92.673025 26.768334, 92.66839 26.769905, 92.666073 26.772281, 92.6631152268966 26.77155072186143, 92.6569544523781 26.777982419272288))"
784504,BVU_Balipara,784504_B,₹3,C7,"POLYGON ((92.61260846328149 26.792925253157193, 92.612728 26.793582, 92.620368 26.80967, 92.618781 26.815377, 92.615347 26.821888, 92.611614 26.827096, 92.605175 26.831156, 92.60476918586072 26.831983013927665, 92.61818183488792 26.88208871642037, 92.65393653312604 26.86505820350709, 92.64372685256507 26.826965800725443, 92.6569544523781 26.777982419272288, 92.6631152268966 26.77155072186143, 92.662039 26.771285, 92.650366 26.773583, 92.650194 26.775767, 92.645001 26.775116, 92.640281 26.773488, 92.639358 26.77299, 92.635029 26.772973, 92.631311 26.771898, 92.630861 26.776687, 92.63011 26.780767, 92.629895 26.781284, 92.629851 26.782123, 92.629831 26.78251, 92.629681 26.783104, 92.628586 26.783296, 92.628232 26.784297, 92.626741 26.784388, 92.626419 26.784694, 92.625775 26.784886, 92.625197 26.784839, 92.625024 26.786456, 92.625067 26.787031, 92.62526 26.787721, 92.625132 26.788468, 92.624381 26.788563, 92.62374 26.788523, 92.621798 26.786247, 92.621312 26.786054, 92.619553 26.786629, 92.618372 26.786859, 92.617364 26.786954, 92.61439333035327 26.78632388758028, 92.61260846328149 26.792925253157193))"
784504,BVU_Balipara,784504_C,₹4,C9,"POLYGON ((92.58369634323422 26.90389812356752, 92.58974 26.895636, 92.61818183488792 26.88208871642037, 92.60476918586072 26.831983013927665, 92.6023 26.837015, 92.598479 26.842529, 92.598997 26.844941, 92.597537 26.846894, 92.595262 26.850991, 92.595262 26.856964, 92.589942 26.86596, 92.581959 26.874765, 92.581916 26.881426, 92.580285 26.885751, 92.57905374669103 26.886532880402704, 92.58369634323422 26.90389812356752))"
784504,BVU_Balipara,784504_D,₹4,C9,"POLYGON ((92.61439333035327 26.78632388758028, 92.611287 26.785665, 92.61260846328149 26.792925253157193, 92.61439333035327 26.78632388758028))"
784504,BVU_Balipara,784504_E,₹5,C11,"POLYGON ((92.5604379420223 26.936845760769227, 92.561268 26.935569, 92.56281 26.933198, 92.567175 26.926484, 92.569507 26.923296, 92.58369634323422 26.90389812356752, 92.57905374669103 26.886532880402704, 92.568169 26.893445, 92.563205 26.896506, 92.558526 26.899836, 92.552196 26.901865, 92.551487 26.905156, 92.55664 26.910131, 92.556209 26.915565, 92.556338 26.916713, 92.558742 26.917516, 92.56044 26.92018, 92.558055 26.92272, 92.555178 26.925131, 92.556252 26.927695, 92.558134 26.930488, 92.557236 26.93263, 92.5568233464382 26.933062842092223, 92.5604379420223 26.936845760769227))"
784504,BVU_Balipara,784504_F,₹6,C12,"POLYGON ((92.5568233464382 26.933062842092223, 92.556725 26.933166, 92.552904 26.933549, 92.551532 26.935538, 92.551403 26.938752, 92.549815 26.940244, 92.545867 26.939938, 92.543635 26.940588, 92.541108 26.945286, 92.542391 26.946595, 92.542562 26.94824, 92.547838 26.951744, 92.547874 26.951768, 92.547887 26.951776, 92.548044 26.95188, 92.548056 26.951888, 92.548063 26.951893, 92.54808 26.951905, 92.548457 26.952155, 92.548689 26.952308, 92.549069 26.952561, 92.549183 26.952637, 92.549296 26.952711, 92.549593 26.952908, 92.549676 26.952963, 92.54979 26.953039, 92.549834 26.953068, 92.549872 26.953093, 92.549903 26.953116, 92.550115 26.952765, 92.550182 26.952653, 92.550198 26.952627, 92.550261 26.952521, 92.550291 26.952471, 92.550454 26.952202, 92.550478 26.952162, 92.550511 26.952111, 92.550575 26.952011, 92.550675 26.951859, 92.550806 26.951657, 92.551029 26.951313, 92.551213 26.951032, 92.551729 26.950237, 92.551884 26.949999, 92.552488 26.949071, 92.553085 26.948153, 92.553473 26.947556, 92.55525 26.944823, 92.555462 26.944497, 92.555945 26.943754, 92.55599 26.943685, 92.55602 26.94364, 92.556092 26.943529, 92.556479 26.942934, 92.556656 26.942661, 92.556847 26.942367, 92.556871 26.942331, 92.556926 26.942246, 92.557359 26.941581, 92.558445 26.939911, 92.559237 26.938693, 92.5604379420223 26.936845760769227, 92.5568233464382 26.933062842092223))"
784505,BVU_Balipara,784505_A,₹0,C1,"POLYGON ((92.72874860175625 26.81068132894596, 92.72457050341689 26.826191935669808, 92.726673 26.823841, 92.730678 26.819671, 92.739239 26.820267, 92.739353 26.811925, 92.7335038025807 26.805714294705595, 92.72874860175625 26.81068132894596))"
784505,BVU_Balipara,784505_B,₹1,C3,"POLYGON ((92.69284635407732 26.794336399027554, 92.68403828816297 26.826994355871346, 92.69280493354539 26.859661729389256, 92.7026700034214 26.86997477367777, 92.710042 26.86792, 92.732011 26.856658, 92.719753 26.839439, 92.72212 26.828932, 92.72457050341689 26.826191935669808, 92.72874860175625 26.81068132894596, 92.7335038025807 26.805714294705595, 92.722364 26.793886, 92.71763 26.792478, 92.71763 26.790582, 92.715506 26.789227, 92.714413 26.78641, 92.718844 26.779908, 92.720543 26.774653, 92.719876 26.773894, 92.722425 26.769668, 92.7164912030583 26.76964499760288, 92.69284635407732 26.794336399027554))"
784505,BVU_Balipara,784505_C,₹2,C5,"POLYGON ((92.65686125623223 26.875970369653757, 92.67596975541571 26.895952102664083, 92.674141 26.888239, 92.689194 26.883764, 92.688677 26.873875, 92.7026700034214 26.86997477367777, 92.69280493354539 26.859661729389256, 92.68403828816297 26.826994355871346, 92.69284635407732 26.794336399027554, 92.7164912030583 26.76964499760288, 92.715202 26.76964, 92.711986 26.771998, 92.709497 26.771401, 92.705855 26.771591, 92.703838 26.772434, 92.697659 26.770825, 92.696024 26.768042, 92.682977 26.768664, 92.677089 26.771347, 92.672778 26.774057, 92.672354 26.77552, 92.669189 26.781805, 92.678968 26.801525, 92.677794 26.811296, 92.677854 26.811478, 92.677983 26.811634, 92.678181 26.811688, 92.678514 26.811729, 92.67878 26.811952, 92.678757 26.812345, 92.678507 26.812745, 92.678003 26.813213, 92.677295 26.813424, 92.676887 26.814132, 92.676973 26.814534, 92.67736 26.815071, 92.67722 26.815674, 92.676936 26.815918, 92.676778 26.816023, 92.676622 26.816097, 92.676426 26.816117, 92.676238 26.816224, 92.675863 26.816435, 92.675554 26.816744, 92.67527 26.817256, 92.675171 26.817419, 92.675176 26.817567, 92.67512 26.817694, 92.675053 26.817792, 92.675064 26.817919, 92.675161 26.818141, 92.67548 26.81852, 92.675449 26.819035, 92.675571 26.81959, 92.675495 26.82005, 92.675859 26.820429, 92.676481 26.820538, 92.676755 26.821052, 92.676026 26.821621, 92.676269 26.822162, 92.677149 26.822623, 92.677756 26.823354, 92.677271 26.825629, 92.676451 26.82617, 92.67551 26.826387, 92.674992 26.827524, 92.674509 26.827741, 92.675025 26.828635, 92.674145 26.829284, 92.67375 26.830557, 92.67284 26.831749, 92.672263 26.833725, 92.671504 26.834159, 92.67111 26.835973, 92.669384 26.836839, 92.687715 26.848969, 92.65393653312604 26.86505820350709, 92.65686125623223 26.875970369653757))"
784505,BVU_Balipara,784505_D,₹3,C7,"POLYGON ((92.62090721014977 26.89226991491249, 92.66978567143761 26.9433961893732, 92.68509025702896 26.94905438147409, 92.694397 26.945485, 92.691881 26.941582, 92.683825 26.929081, 92.678983 26.908662, 92.676562 26.898451, 92.676562 26.89845, 92.67596975541571 26.895952102664083, 92.65686125623223 26.875970369653757, 92.65393653312604 26.86505820350709, 92.61818183488792 26.88208871642037, 92.62090721014977 26.89226991491249))"
784505,BVU_Balipara,784505_E,₹4,C9,"POLYGON ((92.58494279078101 26.90856035612229, 92.64603620634203 26.972481018483084, 92.6700449313333 26.981357618209337, 92.692564 26.966736, 92.691771 26.96529, 92.687874 26.958186, 92.679634 26.951147, 92.68509025702896 26.94905438147409, 92.66978567143761 26.9433961893732, 92.62090721014977 26.89226991491249, 92.61818183488792 26.88208871642037, 92.58974 26.895636, 92.58369634323422 26.90389812356752, 92.58494279078101 26.90856035612229))"
784505,BVU_Balipara,784505_F,₹5,C11,"POLYGON ((92.58190041071468 26.959307685424896, 92.583342 26.959541, 92.584711 26.960019, 92.587952 26.96115, 92.589117 26.961557, 92.600799 26.966701, 92.608382 26.970245, 92.609825 26.970924, 92.610311 26.971153, 92.611178 26.971561, 92.611274 26.971606, 92.611302 26.971619, 92.615532 26.973611, 92.624316 26.977165, 92.624479 26.977241, 92.644799 26.986663, 92.645314 26.987663, 92.645319 26.987671, 92.64532 26.987674, 92.645773 26.988554, 92.646102 26.989193, 92.647113 26.991156, 92.648073 26.993019, 92.64809 26.993052, 92.648114 26.993098, 92.648125 26.99312, 92.648128 26.993126, 92.648131 26.993132, 92.648137 26.993143, 92.648167 26.993202, 92.648183 26.993232, 92.648195 26.993256, 92.648196 26.993258, 92.648199 26.993264, 92.648215 26.993294, 92.64823 26.993324, 92.648238 26.993339, 92.648239 26.99334, 92.648412 26.993676, 92.648442 26.993735, 92.648562 26.993968, 92.648806 26.994442, 92.649059 26.994933, 92.649074 26.994961, 92.649329 26.994797, 92.64939 26.994765, 92.649418 26.994751, 92.64953 26.994678, 92.649543 26.99467, 92.649663 26.994592, 92.650313 26.99417, 92.650909 26.993783, 92.651958 26.993103, 92.654605 26.991384, 92.654644 26.991359, 92.654663 26.991347, 92.655528 26.990785, 92.655673 26.990691, 92.655885 26.990553, 92.655941 26.990517, 92.65947 26.988225, 92.659872 26.987964, 92.660838 26.987336, 92.660876 26.987311, 92.6700449313333 26.981357618209337, 92.64603620634203 26.972481018483084, 92.58494279078101 26.90856035612229, 92.58369634323422 26.90389812356752, 92.569507 26.923296, 92.567175 26.926484, 92.56281 26.933198, 92.561268 26.935569, 92.5604379420223 26.936845760769227, 92.58190041071468 26.959307685424896))"
784505,BVU_Balipara,784505_G,₹6,C12,"POLYGON ((92.5604379420223 26.936845760769227, 92.559237 26.938693, 92.558445 26.939911, 92.557359 26.941581, 92.556926 26.942246, 92.556871 26.942331, 92.556847 26.942367, 92.556656 26.942661, 92.556479 26.942934, 92.556092 26.943529, 92.55602 26.94364, 92.55599 26.943685, 92.555945 26.943754, 92.555462 26.944497, 92.55525 26.944823, 92.553473 26.947556, 92.553085 26.948153, 92.552488 26.949071, 92.551884 26.949999, 92.551729 26.950237, 92.551213 26.951032, 92.551029 26.951313, 92.550806 26.951657, 92.550675 26.951859, 92.550575 26.952011, 92.550511 26.952111, 92.550478 26.952162, 92.550454 26.952202, 92.550291 26.952471, 92.550261 26.952521, 92.550198 26.952627, 92.550182 26.952653, 92.550115 26.952765, 92.549903 26.953116, 92.54978 26.953321, 92.549779 26.953321, 92.549706 26.953443, 92.54968 26.953486, 92.549591 26.953634, 92.549449 26.953869, 92.549368 26.954014, 92.549159 26.954387, 92.5491 26.954492, 92.54886 26.954921, 92.5488 26.95503, 92.548795 26.955038, 92.548776 26.955073, 92.548672 26.95526, 92.548603 26.955384, 92.548073 26.956332, 92.547823 26.956775, 92.547045 26.958173, 92.55419 26.95744, 92.556318 26.957529, 92.562932 26.957804, 92.579332 26.958892, 92.58190041071468 26.959307685424896, 92.5604379420223 26.936845760769227))"
781019,GHY_BHETAPARA_E,781019_A,₹0,C1,"POLYGON ((91.76258985681697 26.152393021240222, 91.762896 26.151393, 91.763675 26.150561, 91.763807 26.15042, 91.764699 26.149467, 91.765888 26.1495, 91.766342 26.149512, 91.768177 26.149563, 91.771182 26.149756, 91.772344 26.149014, 91.77286 26.148197, 91.77371 26.147488, 91.774393 26.146344, 91.774773 26.14599, 91.774894 26.145391, 91.775122 26.144628, 91.775395 26.143634, 91.775334 26.142789, 91.77497 26.140242, 91.774666 26.138608, 91.774909 26.137355, 91.774787 26.135884, 91.774544 26.134576, 91.774119 26.132451, 91.772176 26.131579, 91.770537 26.130162, 91.768351 26.128909, 91.767683 26.12831, 91.768715 26.126893, 91.769756 26.125791, 91.77121 26.124251, 91.768977 26.124906, 91.765328 26.124945, 91.763331 26.125311, 91.759767 26.126158, 91.757943 26.127045, 91.756118 26.128027, 91.756654 26.130763, 91.757681 26.1324, 91.757209 26.13425, 91.756822 26.135598, 91.75708 26.137139, 91.756822 26.13868, 91.756565 26.139797, 91.755364 26.141184, 91.755364 26.141762, 91.755061 26.142302, 91.754847 26.143689, 91.755104 26.145114, 91.754883 26.146801, 91.754828 26.147348, 91.754806 26.148388, 91.754634 26.149236, 91.75449737377352 26.149383177919074, 91.76258985681697 26.152393021240222))"
781019,GHY_BHETAPARA_E,781019_B,₹1,C3,"POLYGON ((91.75449737377352 26.149383177919074, 91.753883 26.150045, 91.752938 26.150603, 91.751736 26.150835, 91.750899 26.15095, 91.749954 26.15095, 91.748602 26.151201, 91.747019 26.151571, 91.747342 26.152392, 91.749163 26.154026, 91.749822 26.157152, 91.751203 26.156817, 91.751604 26.156719, 91.752956 26.156459, 91.754695 26.156257, 91.756295 26.156594, 91.756896 26.156825, 91.757198 26.15722, 91.759182 26.154745, 91.760169 26.154365, 91.761149 26.153987, 91.761468 26.153864, 91.76223 26.15357, 91.762435 26.1529, 91.762457 26.152827, 91.76258985681697 26.152393021240222, 91.75449737377352 26.149383177919074))"
781028,GHY_BHETAPARA_E,781028_A,₹0,C1,"POLYGON ((91.789427 26.136985, 91.792089 26.136523, 91.792862 26.135752, 91.793935 26.135097, 91.794279 26.133941, 91.794451 26.133017, 91.795395 26.132593, 91.796898 26.132516, 91.798701 26.132477, 91.799689 26.132439, 91.801793 26.132978, 91.803236 26.132535, 91.804395 26.131861, 91.804932 26.13109, 91.805447 26.130705, 91.805812 26.130069, 91.80708 26.129508, 91.805805 26.128419, 91.805866 26.126675, 91.805927 26.124986, 91.805562 26.123079, 91.805016 26.121062, 91.80558 26.120415, 91.806109 26.119809, 91.807323 26.119101, 91.807323 26.116921, 91.805801 26.116776, 91.804813 26.116506, 91.804019 26.116159, 91.803332 26.115562, 91.802709 26.115446, 91.801979 26.115504, 91.800777 26.115466, 91.80009 26.115215, 91.798952 26.115196, 91.797707 26.115273, 91.796677 26.115157, 91.795303 26.115331, 91.794337 26.115697, 91.793843 26.116121, 91.792984 26.11668, 91.79234 26.116545, 91.791395 26.116217, 91.789979 26.116506, 91.789199 26.116376, 91.788713 26.117057, 91.788622 26.118065, 91.788744 26.118855, 91.789078 26.119809, 91.788926 26.120354, 91.78873 26.121335, 91.7887 26.121975, 91.788594 26.122684, 91.787896 26.12282, 91.787195 26.12297, 91.787074 26.123624, 91.787013 26.124986, 91.786861 26.126484, 91.786709 26.127629, 91.786709 26.1288, 91.786558 26.129754, 91.786618 26.130871, 91.786224 26.132315, 91.78595 26.133731, 91.786011 26.135093, 91.786011 26.136183, 91.78756 26.136047, 91.788053 26.137178, 91.789427 26.136985))"
781034,GHY_BHETAPARA_E,781034_A,₹0,C1,"POLYGON ((91.74030453215329 26.13584864135929, 91.75245201040448 26.148622444378756, 91.75449737377352 26.149383177919074, 91.754634 26.149236, 91.754806 26.148388, 91.754828 26.147348, 91.754883 26.146801, 91.755104 26.145114, 91.754847 26.143689, 91.755061 26.142302, 91.755364 26.141762, 91.755364 26.141184, 91.756565 26.139797, 91.756822 26.13868, 91.75708 26.137139, 91.756822 26.135598, 91.757209 26.13425, 91.757681 26.1324, 91.756654 26.130763, 91.754486 26.131129, 91.751953 26.131861, 91.749677 26.131803, 91.748582 26.132285, 91.746414 26.133556, 91.743924 26.13346, 91.742271 26.133595, 91.74167 26.132631, 91.741219 26.13084, 91.74036 26.130127, 91.73948 26.130666, 91.73883802421146 26.130357345934524, 91.74030453215329 26.13584864135929))"
781034,GHY_BHETAPARA_E,781034_B,₹1,C3,"POLYGON ((91.75245201040448 26.148622444378756, 91.74030453215329 26.13584864135929, 91.73883802421146 26.130357345934524, 91.737398 26.129665, 91.736818 26.130455, 91.73641 26.132342, 91.735186 26.132516, 91.733374 26.132728, 91.7323 26.13188, 91.729016 26.132824, 91.729805 26.136919, 91.729213 26.138878, 91.731676 26.140024, 91.733436 26.140024, 91.736412 26.140678, 91.738841 26.14204, 91.740541 26.143075, 91.742545 26.143566, 91.745156 26.142367, 91.746552 26.143947, 91.746795 26.145636, 91.746431 26.148469, 91.746613 26.150539, 91.747019 26.151571, 91.748602 26.151201, 91.749954 26.15095, 91.750899 26.15095, 91.751736 26.150835, 91.752938 26.150603, 91.753883 26.150045, 91.75449737377352 26.149383177919074, 91.75245201040448 26.148622444378756))"
781038,GHY_BHETAPARA_E,781038_A,₹0,C1,"POLYGON ((91.776436 26.152973, 91.777982 26.15251, 91.779356 26.152202, 91.780429 26.15147, 91.782189 26.150854, 91.781613 26.149159, 91.781827 26.147348, 91.782772 26.146231, 91.784189 26.145037, 91.784103 26.143843, 91.784017 26.142263, 91.784103 26.140838, 91.785219 26.13922, 91.78625 26.138295, 91.788053 26.137178, 91.78756 26.136047, 91.786011 26.136183, 91.786011 26.135093, 91.78595 26.133731, 91.786224 26.132315, 91.786618 26.130871, 91.786558 26.129754, 91.786709 26.1288, 91.786709 26.127629, 91.786861 26.126484, 91.787013 26.124986, 91.787074 26.123624, 91.787195 26.12297, 91.787896 26.12282, 91.788594 26.122684, 91.7887 26.121975, 91.78873 26.121335, 91.788926 26.120354, 91.789078 26.119809, 91.788744 26.118855, 91.788622 26.118065, 91.788713 26.117057, 91.789199 26.116376, 91.788386 26.115531, 91.787992 26.114823, 91.786686 26.114414, 91.785715 26.114441, 91.784409 26.114714, 91.783104 26.114714, 91.781737 26.114768, 91.780219 26.11515, 91.77946 26.115177, 91.778125 26.115259, 91.77694 26.115204, 91.775817 26.115204, 91.774481 26.115613, 91.772473 26.116812, 91.771919 26.117195, 91.772627 26.118202, 91.771747 26.119396, 91.771682 26.121092, 91.77282 26.122479, 91.77121 26.122575, 91.77121 26.124251, 91.769756 26.125791, 91.768715 26.126893, 91.767683 26.12831, 91.768351 26.128909, 91.770537 26.130162, 91.772176 26.131579, 91.774119 26.132451, 91.774544 26.134576, 91.774787 26.135884, 91.774909 26.137355, 91.774666 26.138608, 91.77497 26.140242, 91.775334 26.142789, 91.775395 26.143634, 91.775122 26.144628, 91.774894 26.145391, 91.774773 26.14599, 91.774393 26.146344, 91.77371 26.147488, 91.77286 26.148197, 91.772344 26.149014, 91.771182 26.149756, 91.774789 26.151567, 91.77466 26.153512, 91.776436 26.152973))"
781040,GHY_BHETAPARA_E,781040_A,₹0,C1,"POLYGON ((91.74031451019353 26.10318596706777, 91.7359427727913 26.119516162996693, 91.73883802421146 26.130357345934524, 91.73948 26.130666, 91.74036 26.130127, 91.741219 26.13084, 91.74167 26.132631, 91.742271 26.133595, 91.743924 26.13346, 91.746414 26.133556, 91.748582 26.132285, 91.749677 26.131803, 91.751953 26.131861, 91.754486 26.131129, 91.756654 26.130763, 91.756118 26.128027, 91.757943 26.127045, 91.759767 26.126158, 91.763331 26.125311, 91.765328 26.124945, 91.768977 26.124906, 91.77121 26.124251, 91.77121 26.122575, 91.77282 26.122479, 91.771682 26.121092, 91.771747 26.119396, 91.772627 26.118202, 91.771919 26.117195, 91.771124 26.116063, 91.772369 26.116024, 91.772004 26.113905, 91.772605 26.113828, 91.776405 26.112788, 91.776427 26.11142, 91.76946 26.111516, 91.768301 26.108664, 91.76843 26.105427, 91.761259 26.102961, 91.752028 26.100186, 91.7461990711218 26.097001295186903, 91.74031451019353 26.10318596706777))"
781040,GHY_BHETAPARA_E,781040_B,₹1,C3,"POLYGON ((91.70463189380834 26.08684145135794, 91.70362806911976 26.090586608156826, 91.707945 26.089202, 91.710305 26.089009, 91.712322 26.089549, 91.714253 26.09032, 91.715198 26.091514, 91.717129 26.092748, 91.718459 26.094559, 91.720133 26.096717, 91.72193 26.097141, 91.723948 26.100841, 91.723733 26.105273, 91.725407 26.109088, 91.725607 26.111337, 91.72588 26.114406, 91.72515 26.114714, 91.725923 26.118144, 91.726075 26.120186, 91.725688 26.121939, 91.724185 26.123095, 91.725688 26.125234, 91.726397 26.127488, 91.72732 26.129607, 91.728593 26.131966, 91.729016 26.132824, 91.7323 26.13188, 91.733374 26.132728, 91.735186 26.132516, 91.73641 26.132342, 91.736818 26.130455, 91.737398 26.129665, 91.73883802421146 26.130357345934524, 91.7359427727913 26.119516162996693, 91.74031451019353 26.10318596706777, 91.7461990711218 26.097001295186903, 91.745115 26.096409, 91.739147 26.093904, 91.732621 26.089857, 91.733769 26.086727, 91.730005 26.081276, 91.724297 26.079095, 91.72284 26.076588, 91.721625 26.075389, 91.722111 26.070809, 91.72219779040854 26.068384606769893, 91.70463189380834 26.08684145135794))"
781040,GHY_BHETAPARA_E,781040_C,₹2,C5,"POLYGON ((91.66895924621285 26.070488161662823, 91.66412081485635 26.088518023857812, 91.674385 26.090512, 91.683226 26.092054, 91.692367 26.093403, 91.696444 26.093095, 91.699662 26.091514, 91.701937 26.091129, 91.70362806911976 26.090586608156826, 91.70463189380834 26.08684145135794, 91.72219779040854 26.068384606769893, 91.722232 26.067429, 91.722307 26.065846, 91.722328 26.065417, 91.722475 26.062304, 91.71737 26.058886, 91.715311 26.057507, 91.713185 26.056174, 91.708877 26.053472, 91.700259 26.04791, 91.69291951860167 26.045319298396176, 91.66895924621285 26.070488161662823))"
781040,GHY_BHETAPARA_E,781040_D,₹3,C7,"POLYGON ((91.63329656276284 26.054126106771662, 91.62886286815042 26.070627863294828, 91.633984 26.0713, 91.635289 26.072445, 91.637534 26.073453, 91.639355 26.074462, 91.642885 26.074131, 91.650653 26.075056, 91.656876 26.075017, 91.659064 26.076559, 91.663399 26.077137, 91.663828 26.079527, 91.661854 26.083459, 91.661768 26.086157, 91.662283 26.088161, 91.66412081485635 26.088518023857812, 91.66895924621285 26.070488161662823, 91.69291951860167 26.045319298396176, 91.690063 26.044311, 91.674526 26.037877, 91.65664935492013 26.02960186636032, 91.63329656276284 26.054126106771662))"
781040,GHY_BHETAPARA_E,781040_E,₹4,C9,"POLYGON ((91.63329656276284 26.054126106771662, 91.65664935492013 26.02960186636032, 91.654498 26.028606, 91.633186 26.016218, 91.631453 26.018068, 91.632149 26.01865, 91.632404 26.019025, 91.632364 26.019255, 91.632109 26.019674, 91.63151 26.020243, 91.631165 26.020604, 91.63111 26.020812, 91.631135 26.021209, 91.631135 26.021764, 91.631092 26.021971, 91.630896 26.022184, 91.630471 26.022522, 91.629697 26.022581, 91.628658 26.022712, 91.628138 26.022712, 91.626835 26.022243, 91.626813 26.022238, 91.626567 26.022282, 91.625743 26.022431, 91.625744 26.02243, 91.625743 26.02243, 91.625086 26.022883, 91.624797 26.023055, 91.624157 26.023308, 91.623463 26.02398, 91.623385 26.024008, 91.620655 26.028096, 91.620054 26.033649, 91.620569 26.037119, 91.616621 26.045216, 91.618338 26.05046, 91.617308 26.056166, 91.616557 26.059655, 91.616664 26.061178, 91.620076 26.062489, 91.619732 26.065457, 91.617544 26.066768, 91.617203 26.069446, 91.61916 26.069678, 91.62174 26.069801, 91.623446 26.069998, 91.623448 26.069998, 91.628582 26.070591, 91.62886286815042 26.070627863294828, 91.63329656276284 26.054126106771662))"
785640,SRTN_Sibasagar_E,785640_A,₹0,C1,"POLYGON ((94.620469 26.96574, 94.618659 26.966538, 94.621553 26.971267, 94.625845 26.975436, 94.627484 26.979474, 94.623418 26.983179, 94.621218 26.982746, 94.616307 26.982492, 94.613328 26.98637, 94.611923 26.992147, 94.611922 26.992152, 94.611467 26.994022, 94.609943 26.996546, 94.610743 26.998927, 94.612914 27.005389, 94.623765 27.009719, 94.626286 27.008988, 94.628425 27.007744, 94.631187 27.004543, 94.632432 27.003099, 94.63308 27.002349, 94.638891 26.995466, 94.638515 26.992643, 94.640549 26.993262, 94.642641 26.992779, 94.643521 26.989889, 94.640868 26.989082, 94.640396 26.986965, 94.646405 26.982638, 94.651199 26.976039, 94.640518 26.971929, 94.638424 26.971766, 94.63765 26.970806, 94.636815 26.97128, 94.634797 26.972064, 94.632976 26.97324, 94.630394 26.975321, 94.629177 26.973768, 94.623795 26.966897, 94.620469 26.96574))"
785663,SRTN_Sibasagar_E,785663_A,₹1,C3,"POLYGON ((94.54974338919784 26.975650708505533, 94.5585214483941 27.008318112328887, 94.58299655026339 27.033871064241062, 94.6176016343822 27.04664668083446, 94.617161 27.042155, 94.617144 27.041982, 94.617031 27.040832, 94.61684 27.038885, 94.616546 27.035887, 94.614743 27.022278, 94.612338 27.017843, 94.607366 27.01249, 94.599901 27.002205, 94.585926 27.001058, 94.578626 26.999987, 94.572873 26.998228, 94.555515 26.991029, 94.562468 26.977662, 94.561042 26.972551, 94.55907 26.968251, 94.558132 26.962049, 94.5529485222912 26.963782754717307, 94.54974338919784 26.975650708505533))"
785663,SRTN_Sibasagar_E,785663_B,₹2,C5,"POLYGON ((94.52253025773942 27.02462660619175, 94.55924012334 27.06296377120112, 94.60715178755542 27.080652829130983, 94.610657 27.070978, 94.617698 27.047629, 94.6176016343822 27.04664668083446, 94.58299655026339 27.033871064241062, 94.5585214483941 27.008318112328887, 94.54974338919784 26.975650708505533, 94.5529485222912 26.963782754717307, 94.552012 26.964096, 94.546881 26.965812, 94.54128 26.967685, 94.515243 26.976392, 94.51017451526235 26.978586753245324, 94.52253025773942 27.02462660619175))"
785663,SRTN_Sibasagar_E,785663_C,₹3,C7,"POLYGON ((94.48652861781937 27.040925946400137, 94.53547136819891 27.092052485297618, 94.57489119135623 27.106607064213247, 94.575143 27.106208, 94.616677 27.105127, 94.614299 27.099725, 94.608473 27.096051, 94.603374 27.09108, 94.60715178755542 27.080652829130983, 94.55924012334 27.06296377120112, 94.52253025773942 27.02462660619175, 94.51017451526235 26.978586753245324, 94.486981 26.98863, 94.48097 26.993066, 94.47702 26.987942, 94.47264 26.988707, 94.47258291904669 26.98889577209343, 94.48652861781937 27.040925946400137))"
785663,SRTN_Sibasagar_E,785663_D,₹4,C9,"POLYGON ((94.58987008499999 27.150004169775734, 94.590227 27.149518, 94.590437 27.14923, 94.591415 27.147887, 94.591554 27.147696, 94.59198 27.147111, 94.592957 27.145796, 94.583159 27.133001, 94.567371 27.118525, 94.57489119135623 27.106607064213247, 94.53547136819891 27.092052485297618, 94.48652861781937 27.040925946400137, 94.47258291904669 26.98889577209343, 94.470582 26.995513, 94.459419 26.995819, 94.495468 27.078692, 94.548683 27.097643, 94.536324 27.128813, 94.52999181506048 27.12789482961205, 94.58987008499999 27.150004169775734))"
785663,SRTN_Sibasagar_E,785663_E,₹5,C11,"POLYGON ((94.55147067568478 27.173692975682975, 94.552045 27.173665, 94.553562 27.173733, 94.555314 27.174159, 94.556569 27.174923, 94.557535 27.175601, 94.55792210993273 27.176075209667598, 94.56721793167412 27.179507752202518, 94.567502 27.179266, 94.572487 27.173989, 94.573381 27.172365, 94.574625 27.170781, 94.576033 27.169184, 94.577398 27.167483, 94.578437 27.16597, 94.578784 27.165464, 94.579826 27.163946, 94.580955 27.162343, 94.582125 27.160853, 94.583862 27.1586, 94.584367 27.157875, 94.585 27.157025, 94.58528 27.156622, 94.585385 27.156472, 94.586524 27.154831, 94.588141 27.152444, 94.58891 27.151341, 94.589313 27.150763, 94.58987008499999 27.150004169775734, 94.52999181506048 27.12789482961205, 94.509731 27.124957, 94.509967 27.125682, 94.510046 27.12683, 94.510319 27.128302, 94.510403 27.129977, 94.510312 27.130895, 94.510031 27.13238, 94.509659 27.133413, 94.509576 27.133845, 94.509447 27.134784, 94.509227 27.135256, 94.508992 27.135675, 94.508847 27.137126, 94.50896 27.138094, 94.509053 27.138631, 94.509101 27.138911, 94.5093 27.139797, 94.509336 27.139957, 94.509379 27.140151, 94.509706 27.140921, 94.510069 27.141683, 94.510623 27.142318, 94.511374 27.142757, 94.512049 27.143067, 94.513691 27.143364, 94.515539 27.143722, 94.517647 27.143871, 94.51981 27.143871, 94.521483 27.143641, 94.523398 27.143418, 94.525855 27.143412, 94.527662 27.143682, 94.528936 27.143965, 94.52965 27.144343, 94.530195 27.144748, 94.530985 27.14566, 94.531781 27.146517, 94.532798 27.147374, 94.53317 27.147887, 94.533201 27.148357, 94.533169 27.149006, 94.533062 27.149837, 94.532719 27.150859, 94.532021 27.151918, 94.531067 27.15314, 94.530047 27.154104, 94.529221 27.154763, 94.52864 27.155111, 94.528209 27.155374, 94.527097 27.156061, 94.525874 27.156577, 94.524844 27.157226, 94.524243 27.158037, 94.524007 27.158801, 94.524043 27.159215, 94.524286 27.159842, 94.524802 27.160696, 94.525568 27.161617, 94.526364 27.162508, 94.527828 27.163777, 94.529513 27.16477, 94.531364 27.165796, 94.534808 27.16724, 94.53589539032369 27.167941700434508, 94.55147067568478 27.173692975682975))"
785663,SRTN_Sibasagar_E,785663_F,₹6,C12,"POLYGON ((94.55792210993273 27.176075209667598, 94.558135 27.176336, 94.558511 27.17688, 94.558736 27.177395, 94.558908 27.177987, 94.558998 27.178491, 94.559197 27.179122, 94.559479 27.179554, 94.559771 27.179938, 94.55987 27.180542, 94.559935 27.181069, 94.560101 27.182014, 94.560822 27.183461, 94.560909 27.183637, 94.561075 27.18383, 94.561192 27.183867, 94.561936 27.183594, 94.562877 27.183007, 94.563714 27.182415, 94.564508 27.181814, 94.56721793167412 27.179507752202518, 94.55792210993273 27.176075209667598))"
785663,SRTN_Sibasagar_E,785663_G,₹6,C12,"POLYGON ((94.53589539032369 27.167941700434508, 94.535916 27.167955, 94.536962 27.168509, 94.537948 27.168833, 94.539072 27.169332, 94.539663 27.169778, 94.54109 27.171357, 94.541879 27.171937, 94.542485 27.172261, 94.543699 27.172437, 94.545337 27.172734, 94.5464 27.173328, 94.547082 27.173895, 94.548068 27.173908, 94.550649 27.173733, 94.55147067568478 27.173692975682975, 94.53589539032369 27.167941700434508))"
785665,SRTN_Sibasagar_E,785665_A,₹0,C1,"POLYGON ((94.60675293697358 26.946569056827723, 94.59793804909789 26.955764499126257, 94.598033 26.957188, 94.600036 26.959082, 94.602824 26.95946, 94.604736 26.966438, 94.615652 26.967863, 94.618659 26.966538, 94.620469 26.96574, 94.623795 26.966897, 94.629835 26.965167, 94.631897 26.962517, 94.637 26.960309, 94.637517 26.956216, 94.636306 26.952022, 94.635699 26.949311, 94.638937 26.946957, 94.632537 26.945657, 94.628609 26.942846, 94.624165 26.942119, 94.62164852329391 26.941070669486194, 94.60675293697358 26.946569056827723))"
785665,SRTN_Sibasagar_E,785665_B,₹1,C3,"POLYGON ((94.60675293697358 26.946569056827723, 94.62164852329391 26.941070669486194, 94.614796 26.938216, 94.600179 26.942884, 94.603283 26.943555, 94.603074 26.943644, 94.600673 26.944664, 94.595658 26.947734, 94.596585 26.950595, 94.597784 26.953455, 94.59793804909789 26.955764499126257, 94.60675293697358 26.946569056827723))"
785666,SRTN_Sibasagar_E,785666_A,₹0,C1,"POLYGON ((94.64294204690313 26.941460924565895, 94.62416008311179 26.940143580856507, 94.62164852329391 26.941070669486194, 94.624165 26.942119, 94.628609 26.942846, 94.632537 26.945657, 94.638937 26.946957, 94.642863 26.947628, 94.646771 26.947417, 94.648633 26.948163, 94.650433 26.947007, 94.655708 26.949043, 94.65645241933984 26.94883857801666, 94.64294204690313 26.941460924565895))"
785666,SRTN_Sibasagar_E,785666_B,₹1,C3,"POLYGON ((94.65540402739933 26.907247053671576, 94.61785164370384 26.904613181000418, 94.58304562173844 26.91746044900938, 94.56929343656508 26.93180238167606, 94.570113 26.932145, 94.581877 26.937064, 94.590304 26.940588, 94.600179 26.942884, 94.614796 26.938216, 94.62164852329391 26.941070669486194, 94.62416008311179 26.940143580856507, 94.64294204690313 26.941460924565895, 94.65645241933984 26.94883857801666, 94.661418 26.947475, 94.666871 26.944567, 94.671036 26.943343, 94.671852 26.939517, 94.667386 26.937719, 94.66159 26.93286, 94.657583 26.927554, 94.660428 26.923977, 94.665945 26.917038, 94.66672587909142 26.9134290009535, 94.65540402739933 26.907247053671576))"
785666,SRTN_Sibasagar_E,785666_C,₹2,C5,"POLYGON ((94.58304562173844 26.91746044900938, 94.61785164370384 26.904613181000418, 94.65540402739933 26.907247053671576, 94.66672587909142 26.9134290009535, 94.668607 26.904735, 94.671795 26.901629, 94.670317 26.900128, 94.671483 26.897812, 94.671418 26.896534, 94.671198 26.89222, 94.669702 26.891014, 94.64703 26.898076, 94.637713 26.895167, 94.629083 26.885981, 94.628653 26.881656, 94.623458 26.875416, 94.610792 26.877024, 94.59761 26.883263, 94.596752 26.894746, 94.585231 26.896927, 94.575447 26.901558, 94.561503 26.90506, 94.556222 26.904429, 94.553517 26.90418, 94.55195 26.905672, 94.553175 26.907473, 94.553182 26.907483, 94.55346 26.907892, 94.560096 26.917647, 94.561034 26.919024, 94.561192 26.919257, 94.565305 26.925303, 94.567409 26.929206, 94.568185 26.931339, 94.56929343656508 26.93180238167606, 94.58304562173844 26.91746044900938))"
785667,SRTN_Sibasagar_E,785667_A,₹0,C1,"POLYGON ((94.5945021943031 26.992000473902397, 94.60349760161793 27.001389422573126, 94.604452 27.001173, 94.607061 27.000481, 94.610343 26.999131, 94.610743 26.998927, 94.609943 26.996546, 94.611467 26.994022, 94.611922 26.992152, 94.611923 26.992147, 94.610184 26.991766, 94.607436 26.990619, 94.601683 26.989605, 94.600008 26.989491, 94.596466 26.987406, 94.59292101242478 26.986123551794197, 94.5945021943031 26.992000473902397))"
785667,SRTN_Sibasagar_E,785667_B,₹1,C3,"POLYGON ((94.5945021943031 26.992000473902397, 94.59292101242478 26.986123551794197, 94.589912 26.985035, 94.588281 26.985877, 94.585919 26.985953, 94.583343 26.984844, 94.580441 26.983582, 94.577547 26.981555, 94.572137 26.979337, 94.562468 26.977662, 94.555515 26.991029, 94.572873 26.998228, 94.578626 26.999987, 94.585926 27.001058, 94.599901 27.002205, 94.60349760161793 27.001389422573126, 94.5945021943031 26.992000473902397))"
785697,SRTN_Sibasagar_E,785697_A,₹0,C1,"POLYGON ((94.64880284827645 27.00772457127761, 94.66313425157378 26.996814255431893, 94.66864474492519 26.984949953829233, 94.667986 26.98491, 94.665253 26.984964, 94.661974 26.98372, 94.660092 26.981935, 94.661792 26.979501, 94.663007 26.977554, 94.665314 26.975823, 94.668775 26.97393, 94.66963797123468 26.97335338315608, 94.66885768736591 26.964552275786843, 94.65900810798023 26.950234171306562, 94.65645241933984 26.94883857801666, 94.655708 26.949043, 94.650433 26.947007, 94.648633 26.948163, 94.646771 26.947417, 94.642863 26.947628, 94.638937 26.946957, 94.635699 26.949311, 94.636306 26.952022, 94.637517 26.956216, 94.637 26.960309, 94.631897 26.962517, 94.629835 26.965167, 94.623795 26.966897, 94.629177 26.973768, 94.630394 26.975321, 94.632976 26.97324, 94.634797 26.972064, 94.636815 26.97128, 94.63765 26.970806, 94.638424 26.971766, 94.640518 26.971929, 94.651199 26.976039, 94.646405 26.982638, 94.640396 26.986965, 94.640868 26.989082, 94.643521 26.989889, 94.642641 26.992779, 94.640549 26.993262, 94.638515 26.992643, 94.638891 26.995466, 94.63308 27.002349, 94.632432 27.003099, 94.631187 27.004543, 94.628425 27.007744, 94.626286 27.008988, 94.623765 27.009719, 94.612914 27.005389, 94.610743 26.998927, 94.610343 26.999131, 94.607061 27.000481, 94.604452 27.001173, 94.60349760161793 27.001389422573126, 94.60674066911064 27.004774371487496, 94.62415609704072 27.011203537822368, 94.6304725 27.01164656423675, 94.64880284827645 27.00772457127761))"
785697,SRTN_Sibasagar_E,785697_B,₹0,C1,"POLYGON ((94.59451262996784 26.959337799706248, 94.59010794047677 26.975667952125377, 94.59292101242478 26.986123551794197, 94.596466 26.987406, 94.600008 26.989491, 94.601683 26.989605, 94.607436 26.990619, 94.610184 26.991766, 94.611923 26.992147, 94.613328 26.98637, 94.616307 26.982492, 94.621218 26.982746, 94.623418 26.983179, 94.627484 26.979474, 94.625845 26.975436, 94.621553 26.971267, 94.618659 26.966538, 94.615652 26.967863, 94.604736 26.966438, 94.602824 26.95946, 94.600036 26.959082, 94.598033 26.957188, 94.59793804909789 26.955764499126257, 94.59451262996784 26.959337799706248))"
785697,SRTN_Sibasagar_E,785697_C,₹1,C3,"POLYGON ((94.67744777313487 27.031927315881006, 94.677904 27.031196, 94.67840823771246 27.031196, 94.69580828244857 27.017947277098024, 94.7073761539396 26.993023903934056, 94.70513 26.991974, 94.69314 26.98637, 94.686627 26.978311, 94.683591 26.981989, 94.680434 26.983828, 94.678248 26.984639, 94.670657 26.985072, 94.66864474492519 26.984949953829233, 94.66313425157378 26.996814255431893, 94.64880284827645 27.00772457127761, 94.6304725 27.01164656423675, 94.62415609704072 27.011203537822368, 94.60674066911064 27.004774371487496, 94.60349760161793 27.001389422573126, 94.599901 27.002205, 94.607366 27.01249, 94.612338 27.017843, 94.614743 27.022278, 94.616546 27.035887, 94.61684 27.038885, 94.617031 27.040832, 94.617144 27.041982, 94.617161 27.042155, 94.6176016343822 27.04664668083446, 94.61783569940282 27.046733093713886, 94.6214812768679 27.046988791507115, 94.641974 27.043521, 94.64345654670818 27.044841290934286, 94.66714365184872 27.039773068563775, 94.67744777313487 27.031927315881006))"
785697,SRTN_Sibasagar_E,785697_D,₹1,C3,"POLYGON ((94.59010794047677 26.975667952125377, 94.59451262996784 26.959337799706248, 94.59793804909789 26.955764499126257, 94.597784 26.953455, 94.58293 26.952333, 94.564532 26.95213, 94.562541 26.955216, 94.558132 26.962049, 94.55907 26.968251, 94.561042 26.972551, 94.562468 26.977662, 94.572137 26.979337, 94.577547 26.981555, 94.580441 26.983582, 94.583343 26.984844, 94.585919 26.985953, 94.588281 26.985877, 94.589912 26.985035, 94.59292101242478 26.986123551794197, 94.59010794047677 26.975667952125377))"
785697,SRTN_Sibasagar_E,785697_E,₹1,C3,"POLYGON ((94.65900810798023 26.950234171306562, 94.66885768736591 26.964552275786843, 94.66963797123468 26.97335338315608, 94.671204 26.972307, 94.676547 26.96798, 94.678733 26.958784, 94.680572 26.957608, 94.682437 26.956566, 94.681727 26.955125, 94.681832 26.954111, 94.681985 26.952639, 94.681899 26.951224, 94.682543 26.948048, 94.68243 26.944444, 94.679656 26.940119, 94.681266 26.938174, 94.679623 26.934888, 94.675716 26.929914, 94.673397 26.92758, 94.663486 26.924162, 94.660428 26.923977, 94.657583 26.927554, 94.66159 26.93286, 94.667386 26.937719, 94.671852 26.939517, 94.671036 26.943343, 94.666871 26.944567, 94.661418 26.947475, 94.65645241933984 26.94883857801666, 94.65900810798023 26.950234171306562))"
785697,SRTN_Sibasagar_E,785697_F,₹2,C5,"POLYGON ((94.7284946040607 27.03907275529136, 94.74314128760201 27.007494016739763, 94.73931 27.005302, 94.744972 27.001785, 94.745318 27.000728, 94.745067 27.000149, 94.744991 26.999975, 94.744648 26.999184, 94.745249 26.994978, 94.746795 26.990466, 94.73204 26.987776, 94.711653 26.995023, 94.7073761539396 26.993023903934056, 94.69580828244857 27.017947277098024, 94.67840823771246 27.031196, 94.687978 27.031196, 94.694533 27.036277, 94.698903 27.040926, 94.701816 27.045899, 94.711527 27.046981, 94.716139 27.045467, 94.7213431835854 27.044518924615502, 94.7284946040607 27.03907275529136))"
785697,SRTN_Sibasagar_E,785697_G,₹2,C5,"POLYGON ((94.6176016343822 27.04664668083446, 94.617698 27.047629, 94.6214812768679 27.046988791507115, 94.61783569940282 27.046733093713886, 94.6176016343822 27.04664668083446))"
785697,SRTN_Sibasagar_E,785697_H,₹2,C5,"POLYGON ((94.66714365184872 27.039773068563775, 94.64345654670818 27.044841290934286, 94.648772 27.049575, 94.657269 27.051737, 94.657539 27.051426, 94.659332 27.049359, 94.661638 27.048926, 94.664916 27.047089, 94.667101 27.045035, 94.670256 27.04244, 94.673048 27.03898, 94.67744777313487 27.031927315881006, 94.66714365184872 27.039773068563775))"
785697,SRTN_Sibasagar_E,785697_I,₹3,C7,"POLYGON ((94.7284946040607 27.03907275529136, 94.7213431835854 27.044518924615502, 94.72148 27.044494, 94.735318 27.043521, 94.733815 27.054463, 94.752543 27.045722, 94.753984 27.045049, 94.755871 27.044168, 94.756906 27.043685, 94.75459 27.040703, 94.755704 27.036881, 94.755791 27.032829, 94.756568 27.026865, 94.75296 27.024495, 94.751523 27.021035, 94.751501 27.016964, 94.756224 27.013714, 94.745886 27.008971, 94.745582 27.008831, 94.745274 27.00869, 94.745195 27.008654, 94.745058 27.008591, 94.744966 27.008538, 94.74314128760201 27.007494016739763, 94.7284946040607 27.03907275529136))"
